,City,Cloudiness,Country,Date,Humidity,Lat,Lng,Max_Temp,Wind_Speed
0,bosaso,0.0,SO,1583267888.0,77.0,11.28,49.18,76.87,9.48
2,riohacha,81.0,CO,1583267888.0,62.0,11.54,-72.91,86.0,12.75
4,namatanai,100.0,PG,1583267889.0,72.0,-3.67,152.43,84.83,4.81
5,kavieng,100.0,PG,1583267889.0,71.0,-2.57,150.8,84.79,3.47
6,victoria,40.0,HK,1583267669.0,73.0,22.29,114.16,70.0,5.82
7,tasiilaq,100.0,GL,1583267889.0,91.0,65.61,-37.64,26.46,36.75
8,lata,75.0,PT,1583267889.0,93.0,40.16,-8.33,60.01,5.82
9,mataura,5.0,NZ,1583267889.0,61.0,-46.19,168.86,53.01,17.0
10,miyako,65.0,JP,1583267889.0,84.0,39.64,141.95,32.5,3.13
11,laguna,1.0,US,1583267890.0,42.0,38.42,-121.42,75.0,10.29
12,hilo,90.0,US,1583267881.0,83.0,19.73,-155.09,71.6,8.05
13,sao filipe,0.0,CV,1583267890.0,65.0,14.9,-24.5,74.34,15.9
14,rikitea,91.0,PF,1583267890.0,80.0,-23.12,-134.97,79.18,16.82
15,puerto ayora,20.0,EC,1583267890.0,66.0,-0.74,-90.35,86.0,13.87
17,ushuaia,100.0,AR,1583267828.0,63.0,-54.8,-68.3,57.2,19.46
18,ambilobe,94.0,MG,1583267891.0,86.0,-13.2,49.05,77.4,1.74
19,kruisfontein,0.0,ZA,1583267891.0,88.0,-34.0,24.73,68.54,5.46
20,geraldton,0.0,AU,1583267891.0,29.0,-28.77,114.6,78.8,13.87
21,bethel,75.0,US,1583267804.0,62.0,41.37,-73.41,57.99,6.93
22,hailey,5.0,US,1583267892.0,65.0,43.52,-114.32,46.99,10.29
23,vaini,20.0,TO,1583267892.0,78.0,-21.2,-175.2,82.4,8.05
24,chyhyryn,100.0,UA,1583267892.0,89.0,49.08,32.66,47.37,9.86
25,saint-philippe,100.0,RE,1583267892.0,88.0,-21.36,55.77,80.6,4.7
26,punta arenas,100.0,CL,1583267892.0,81.0,-53.15,-70.92,57.2,11.41
27,nuuk,20.0,GL,1583267892.0,71.0,64.18,-51.72,5.0,18.34
28,san quintin,0.0,MX,1583267893.0,49.0,30.48,-115.95,63.79,4.9
29,ossora,74.0,RU,1583267893.0,76.0,59.24,163.07,-4.47,1.25
30,kaitangata,68.0,NZ,1583267893.0,61.0,-46.28,169.85,52.0,28.7
31,guerrero negro,0.0,MX,1583267893.0,39.0,27.98,-114.06,63.91,12.06
32,bluff,26.0,NZ,1583267893.0,61.0,-46.6,168.33,53.01,17.0
33,nantucket,1.0,US,1583267893.0,87.0,41.28,-70.1,53.6,10.29
34,busselton,100.0,AU,1583267894.0,48.0,-33.65,115.33,60.01,5.57
35,belyy yar,20.0,RU,1583267894.0,79.0,53.6,91.39,24.8,6.71
37,pucallpa,97.0,PE,1583267894.0,43.0,-8.38,-74.55,94.12,2.91
38,haines junction,100.0,CA,1583267894.0,87.0,60.75,-137.51,12.61,4.45
39,butaritari,100.0,KI,1583267894.0,77.0,3.07,172.79,82.45,17.27
40,new norfolk,20.0,AU,1583267894.0,81.0,-42.78,147.06,51.01,4.7
41,izhma,98.0,RU,1583267895.0,86.0,65.01,53.91,18.81,11.34
42,ponta do sol,20.0,PT,1583267895.0,72.0,32.67,-17.1,64.4,13.87
43,north battleford,90.0,CA,1583267895.0,69.0,52.78,-108.28,36.0,8.05
44,mahebourg,40.0,MU,1583267895.0,94.0,-20.41,57.7,78.8,1.68
45,gigmoto,0.0,PH,1583267895.0,75.0,13.78,124.39,79.59,16.93
46,arraial do cabo,75.0,BR,1583267895.0,94.0,-22.97,-42.03,73.4,1.12
48,sorong,100.0,ID,1583267896.0,97.0,-0.88,131.25,75.4,3.0
49,albany,75.0,US,1583267896.0,47.0,42.6,-73.97,60.8,9.17
50,punta alta,52.0,AR,1583267896.0,38.0,-38.88,-62.07,85.44,18.43
51,gravdal,0.0,NO,1583267896.0,53.0,68.12,13.5,32.0,16.11
52,taltal,0.0,CL,1583267897.0,67.0,-25.4,-70.48,67.86,6.69
53,hamilton,75.0,US,1583267789.0,47.0,39.18,-84.53,59.0,21.92
54,kirakira,89.0,SB,1583267897.0,84.0,-10.45,161.92,80.71,3.8
56,jamestown,90.0,US,1583267897.0,87.0,42.1,-79.24,51.8,12.75
57,wanaka,92.0,NZ,1583267897.0,54.0,-44.7,169.15,50.0,5.01
58,airai,100.0,TL,1583267619.0,89.0,-8.93,125.41,67.64,3.62
59,akyab,0.0,MM,1583267898.0,86.0,20.15,92.9,71.69,8.84
60,avarua,0.0,CK,1583267898.0,83.0,-21.21,-159.78,84.2,6.93
61,dingle,17.0,PH,1583267898.0,89.0,11.0,122.67,71.53,10.65
62,port alfred,0.0,ZA,1583267898.0,93.0,-33.59,26.89,69.01,1.01
64,lavrentiya,100.0,RU,1583267898.0,80.0,65.58,-171.0,1.51,7.9
65,eydhafushi,10.0,MV,1583267899.0,70.0,5.1,73.07,82.33,6.11
66,cabo san lucas,40.0,MX,1583267899.0,59.0,22.89,-109.91,77.0,19.46
67,hithadhoo,23.0,MV,1583267899.0,72.0,-0.6,73.08,83.05,9.26
68,rock sound,4.0,BS,1583267899.0,81.0,24.9,-76.2,73.11,17.18
69,hermanus,0.0,ZA,1583267899.0,68.0,-34.42,19.23,75.0,9.95
70,araouane,0.0,ML,1583267899.0,5.0,18.9,-3.53,79.45,8.52
72,murgab,90.0,TM,1583267900.0,81.0,37.5,61.97,46.4,11.41
73,grimshaw,20.0,CA,1583267876.0,47.0,56.18,-117.6,37.99,24.16
74,atuona,0.0,PF,1583267900.0,74.0,-9.8,-139.03,81.72,14.29
75,east london,8.0,ZA,1583267900.0,85.0,-33.02,27.91,73.17,11.23
76,souillac,40.0,MU,1583267900.0,94.0,-20.52,57.52,78.8,1.68
77,cassilandia,31.0,BR,1583267900.0,87.0,-19.11,-51.73,75.72,5.59
78,thompson,90.0,CA,1583267901.0,78.0,55.74,-97.86,17.6,4.7
79,goedereede,3.0,NL,1583267901.0,86.0,51.82,3.98,43.0,9.17
80,pangnirtung,90.0,CA,1583267901.0,64.0,66.15,-65.71,-4.0,4.7
81,tiksi,100.0,RU,1583267901.0,79.0,71.69,128.87,3.02,38.03
82,kostalexis,40.0,GR,1583267901.0,55.0,38.86,22.36,60.8,8.05
83,cherskiy,0.0,RU,1583267901.0,79.0,68.75,161.3,-6.7,11.16
84,kidal,0.0,ML,1583267901.0,7.0,18.44,1.41,77.36,8.32
85,hobart,20.0,AU,1583267744.0,81.0,-42.88,147.33,51.01,4.7
86,poum,15.0,NC,1583267902.0,72.0,-20.23,164.02,81.61,2.73
87,cape town,0.0,ZA,1583267830.0,73.0,-33.93,18.42,75.0,1.12
88,katsuura,75.0,JP,1583267902.0,76.0,35.13,140.3,51.01,11.41
89,miri,75.0,MY,1583267902.0,100.0,4.41,114.01,77.0,3.36
90,yellowknife,90.0,CA,1583267677.0,70.0,62.46,-114.35,1.4,11.41
91,diamantina,95.0,BR,1583267902.0,97.0,-18.25,-43.6,67.66,2.8
93,port elizabeth,0.0,ZA,1583267903.0,94.0,-33.92,25.57,69.8,13.87
94,ribeira grande,75.0,PT,1583267903.0,93.0,38.52,-28.7,64.4,18.34
95,castro,67.0,BR,1583267903.0,95.0,-24.79,-50.01,64.22,3.2
96,palauig,27.0,PH,1583267903.0,73.0,15.44,119.9,71.6,4.0
98,hasaki,75.0,JP,1583267904.0,81.0,35.73,140.83,48.0,5.82
99,bredasdorp,0.0,ZA,1583267904.0,68.0,-34.53,20.04,73.0,2.64
100,caravelas,0.0,BR,1583267623.0,77.0,-17.71,-39.25,82.53,11.72
101,farafangana,2.0,MG,1583267904.0,81.0,-22.82,47.83,78.08,8.66
102,zhuhai,40.0,CN,1583267904.0,88.0,22.28,113.57,70.0,9.17
104,barrow,1.0,US,1583267905.0,74.0,71.29,-156.79,-27.4,10.29
105,dhidhdhoo,100.0,MV,1583267648.0,69.0,6.88,73.1,82.26,6.91
107,wanning,92.0,CN,1583267905.0,87.0,18.8,110.4,72.41,3.85
108,crossville,75.0,US,1583267607.0,55.0,35.95,-85.03,70.0,20.8
109,pisco,21.0,PE,1583267905.0,30.0,-13.7,-76.22,73.99,18.34
110,zaysan,100.0,KZ,1583267905.0,96.0,47.47,84.87,24.46,4.97
111,finschhafen,64.0,PG,1583267906.0,75.0,-6.6,147.87,83.64,6.31
112,gizo,82.0,SB,1583267906.0,82.0,-8.1,156.84,80.87,4.14
113,tessalit,0.0,ML,1583267906.0,6.0,20.2,1.01,76.75,8.95
114,georgetown,20.0,MY,1583267906.0,88.0,5.41,100.34,82.4,2.39
115,anadyr,0.0,RU,1583267906.0,64.0,64.75,177.48,0.0,4.47
116,macas,40.0,EC,1583267906.0,51.0,-2.32,-78.12,80.6,6.93
117,baruun-urt,0.0,MN,1583267907.0,90.0,46.68,113.28,-2.31,8.61
118,pevek,19.0,RU,1583267907.0,81.0,69.7,170.31,-0.8,2.15
119,sitka,90.0,US,1583267907.0,90.0,57.05,-135.33,37.4,7.85
120,cidreira,100.0,BR,1583267647.0,77.0,-30.18,-50.21,73.51,19.19
121,oksfjord,0.0,NO,1583267907.0,63.0,70.24,22.35,30.2,9.17
122,fez,10.0,MA,1583267907.0,62.0,34.04,-5.0,59.0,4.7
123,kjollefjord,90.0,NO,1583267907.0,92.0,70.95,27.35,30.2,8.05
124,san jose,1.0,US,1583267750.0,30.0,37.34,-121.89,77.0,9.17
125,maraba,40.0,BR,1583267757.0,79.0,-5.37,-49.12,84.2,4.7
126,hofn,0.0,IS,1583267908.0,66.0,64.25,-15.21,38.62,38.01
127,larsnes,100.0,NO,1583267908.0,36.0,62.2,5.58,44.6,25.28
128,husavik,75.0,IS,1583267908.0,88.0,66.04,-17.34,32.0,26.4
129,ucluelet,90.0,CA,1583267758.0,93.0,48.93,-125.55,46.0,6.93
130,green river,75.0,US,1583267908.0,69.0,41.53,-109.47,37.99,18.34
131,kapaa,40.0,US,1583267909.0,74.0,22.08,-159.32,78.8,5.82
132,flinders,90.0,AU,1583267909.0,100.0,-34.58,150.86,68.0,8.05
134,castano primo,84.0,IT,1583267909.0,36.0,45.55,8.78,48.99,8.05
135,ponta delgada,75.0,PT,1583267630.0,93.0,37.73,-25.67,64.4,12.75
136,kodinsk,8.0,RU,1583267909.0,97.0,58.69,99.18,4.91,3.4
137,qaanaaq,100.0,GL,1583267910.0,59.0,77.48,-69.36,-14.46,2.71
138,juntas,73.0,CR,1583267910.0,52.0,10.28,-84.96,85.48,18.19
139,acarau,100.0,BR,1583267910.0,88.0,-2.89,-40.12,78.28,4.94
140,imuris,100.0,MX,1583267910.0,67.0,30.78,-110.87,53.01,3.0
141,kamaishi,65.0,JP,1583267910.0,84.0,39.27,141.88,32.5,3.13
142,sao joao da barra,75.0,BR,1583267726.0,78.0,-21.64,-41.05,78.8,8.05
143,abay,0.0,KZ,1583267911.0,84.0,49.63,72.85,8.6,8.95
144,faanui,99.0,PF,1583267911.0,82.0,-16.48,-151.75,80.31,7.65
145,saint anthony,75.0,US,1583267911.0,64.0,45.02,-93.22,42.8,16.11
146,trinidad,20.0,BO,1583267911.0,62.0,-14.83,-64.9,89.6,3.27
147,longyearbyen,75.0,SJ,1583267911.0,70.0,78.22,15.64,-2.2,1.12
148,rosetta,82.0,EG,1583267911.0,87.0,31.4,30.42,57.2,12.75
149,almaznyy,100.0,RU,1583267911.0,75.0,48.04,40.05,46.4,4.47
150,mayya,75.0,RU,1583267912.0,74.0,61.73,130.28,-23.8,2.24
151,nikolskoye,90.0,RU,1583267912.0,86.0,59.7,30.79,37.4,6.71
152,berlevag,75.0,NO,1583267912.0,86.0,70.86,29.09,26.6,8.05
153,cap malheureux,40.0,MU,1583267912.0,94.0,-19.98,57.61,78.8,4.5
154,sharjah,20.0,AE,1583267912.0,60.0,25.36,55.4,69.8,12.75
155,tuktoyaktuk,20.0,CA,1583267912.0,65.0,69.45,-133.04,-40.0,3.36
156,tuatapere,63.0,NZ,1583267912.0,61.0,-46.13,167.68,53.01,17.0
157,pimentel,0.0,PE,1583267913.0,29.0,-6.84,-79.93,66.2,20.8
158,bathsheba,20.0,BB,1583267913.0,69.0,13.22,-59.52,82.4,18.34
159,sorkjosen,0.0,NO,1583267913.0,61.0,69.8,20.93,25.9,17.27
160,tokur,97.0,RU,1583267913.0,96.0,53.13,132.9,5.14,1.3
161,pointe michel,40.0,DM,1583267913.0,61.0,15.25,-61.38,82.4,9.17
162,codajas,100.0,BR,1583267913.0,92.0,-3.84,-62.06,82.72,2.66
163,fasa,0.0,IR,1583267914.0,56.0,28.94,53.65,42.8,4.63
164,fortuna,75.0,US,1583267914.0,93.0,40.6,-124.16,66.99,10.29
165,carnarvon,0.0,AU,1583267914.0,100.0,-24.87,113.63,78.8,5.82
166,lhokseumawe,96.0,ID,1583267914.0,84.0,5.18,97.15,71.49,3.11
167,taoudenni,0.0,ML,1583267914.0,6.0,22.68,-3.98,78.93,11.25
168,paciran,100.0,ID,1583267914.0,95.0,-6.88,112.38,76.6,3.4
169,skelleftea,42.0,SE,1583267915.0,85.0,64.75,20.95,17.6,5.82
170,alofi,40.0,NU,1583267915.0,74.0,-19.06,-169.92,82.4,3.36
171,isiro,3.0,CD,1583267915.0,66.0,2.77,27.62,71.78,1.66
172,beringovskiy,0.0,RU,1583267915.0,58.0,63.05,179.32,3.65,10.36
173,waipawa,100.0,NZ,1583267632.0,93.0,-41.41,175.52,61.0,26.4
174,sawakin,0.0,SD,1583267915.0,64.0,19.11,37.33,69.8,6.93
175,sualkuchi,90.0,IN,1583267916.0,82.0,26.17,91.57,66.2,9.17
176,clyde river,75.0,CA,1583267916.0,75.0,70.47,-68.59,-14.8,2.24
177,talnakh,40.0,RU,1583267717.0,84.0,69.49,88.4,6.8,22.37
178,auki,77.0,SB,1583267916.0,77.0,-8.77,160.7,84.43,7.0
179,kahului,20.0,US,1583267916.0,65.0,20.89,-156.47,79.0,3.36
180,los llanos de aridane,75.0,ES,1583267916.0,72.0,28.66,-17.92,66.2,11.41
181,balikpapan,100.0,ID,1583267916.0,80.0,-1.27,116.83,81.91,15.05
182,bengkulu,100.0,ID,1583267917.0,86.0,-3.8,102.27,75.45,3.53
183,carambei,67.0,BR,1583267650.0,95.0,-24.92,-50.1,64.22,3.2
184,ballina,70.0,AU,1583267917.0,78.0,-28.87,153.57,77.0,10.29
185,kodiak,1.0,US,1583267917.0,57.0,57.79,-152.41,19.4,6.93
186,grindavik,40.0,IS,1583267917.0,92.0,63.84,-22.43,28.4,5.82
187,saskylakh,98.0,RU,1583267917.0,94.0,71.92,114.08,8.28,6.73
188,sur,0.0,OM,1583267918.0,63.0,22.57,59.53,70.03,2.66
189,lebu,0.0,CL,1583267918.0,48.0,-37.62,-73.65,70.47,8.99
190,san patricio,5.0,MX,1583267918.0,74.0,19.22,-104.7,82.4,23.04
191,raudeberg,75.0,NO,1583267918.0,48.0,61.99,5.14,44.6,12.75
192,batemans bay,100.0,AU,1583267918.0,96.0,-35.72,150.18,61.0,3.0
193,provideniya,81.0,RU,1583267918.0,71.0,64.38,-173.3,3.2,4.47
194,catalina,1.0,US,1583267918.0,39.0,32.51,-110.92,64.99,4.7
195,yaan,70.0,NG,1583267919.0,53.0,7.38,8.57,84.15,6.91
196,quelimane,20.0,MZ,1583267919.0,69.0,-17.88,36.89,80.6,4.7
197,urengoy,94.0,RU,1583267919.0,95.0,65.97,78.37,20.97,13.56
198,buraydah,0.0,SA,1583267919.0,38.0,26.33,43.98,60.8,3.36
199,kyshtovka,95.0,RU,1583267919.0,94.0,56.55,76.63,26.04,10.0
200,lompoc,1.0,US,1583267919.0,42.0,34.64,-120.46,73.4,14.99
201,pacific grove,1.0,US,1583267908.0,30.0,36.62,-121.92,77.0,6.93
202,khovu-aksy,100.0,RU,1583267920.0,71.0,51.13,93.6,11.3,8.5
203,cabo rojo,75.0,PR,1583267920.0,66.0,18.09,-67.15,82.99,18.34
205,chuy,0.0,UY,1583267920.0,65.0,-33.7,-53.46,75.6,12.01
206,dikson,99.0,RU,1583267920.0,100.0,73.51,80.55,-8.18,9.6
207,alibag,20.0,IN,1583267920.0,61.0,18.64,72.88,78.8,8.05
209,kharan,15.0,PK,1583267921.0,27.0,28.58,65.42,63.59,1.79
210,upernavik,3.0,GL,1583267782.0,74.0,72.79,-56.15,-23.17,6.42
211,seryshevo,59.0,RU,1583267921.0,97.0,51.09,128.38,1.85,3.85
213,bako,36.0,ET,1583267921.0,55.0,5.78,36.57,72.48,4.14
215,staryy krym,100.0,UA,1583267912.0,69.0,45.03,35.1,46.76,11.01
216,kalmunai,54.0,LK,1583267922.0,66.0,7.42,81.82,80.33,4.9
217,barreirinha,99.0,BR,1583267922.0,74.0,-2.79,-57.07,85.21,2.75
218,coquimbo,75.0,CL,1583267922.0,77.0,-29.95,-71.34,64.4,11.41
219,pychas,100.0,RU,1583267922.0,83.0,56.5,52.44,34.0,1.01
220,isangel,20.0,VU,1583267922.0,88.0,-19.55,169.27,78.8,5.82
221,ozieri,20.0,IT,1583267782.0,93.0,40.59,9.0,48.2,3.36
222,nushki,57.0,PK,1583267923.0,48.0,29.55,66.02,58.28,5.66
226,chiredzi,70.0,ZW,1583267923.0,81.0,-21.05,31.67,67.5,3.18
227,mehamn,75.0,NO,1583267924.0,86.0,71.04,27.85,30.2,8.05
229,carmen,5.0,MX,1583267633.0,52.0,18.63,-91.83,93.2,6.93
230,manyana,15.0,BW,1583267924.0,62.0,-23.4,21.72,68.86,5.21
231,bilma,0.0,NE,1583267924.0,8.0,18.69,12.92,73.44,7.11
232,moose factory,1.0,CA,1583267924.0,73.0,51.26,-80.61,24.8,13.87
233,hinton,100.0,CA,1583267924.0,61.0,53.4,-117.59,32.27,10.18
234,berga,75.0,NO,1583267670.0,80.0,60.39,5.33,41.0,21.92
235,burnie,78.0,AU,1583267925.0,79.0,-41.07,145.92,59.0,7.0
236,salinopolis,100.0,BR,1583267925.0,80.0,-0.61,-47.36,81.55,16.15
237,gorontalo,100.0,ID,1583267925.0,95.0,0.54,123.06,74.46,4.65
238,inhambane,67.0,MZ,1583267925.0,69.0,-23.86,35.38,75.2,12.64
239,motzorongo,0.0,MX,1583267925.0,35.0,18.63,-96.73,98.13,6.6
241,havre-saint-pierre,90.0,CA,1583267926.0,92.0,50.23,-63.6,28.4,12.75
242,kuytun,100.0,RU,1583267926.0,96.0,54.34,101.5,19.08,3.13
243,kendari,100.0,ID,1583267926.0,96.0,-3.94,122.5,75.06,2.3
244,westport,40.0,US,1583267926.0,66.0,41.14,-73.36,55.99,9.17
245,preobrazheniye,100.0,RU,1583267926.0,92.0,42.9,133.91,23.05,7.31
246,port-gentil,40.0,GA,1583267927.0,89.0,-0.72,8.78,84.2,6.93
247,narsaq,5.0,GL,1583267927.0,42.0,60.92,-46.05,8.6,5.82
248,kushmurun,2.0,KZ,1583267927.0,88.0,52.45,64.63,19.56,7.58
249,nancha,100.0,CN,1583267927.0,96.0,47.13,129.27,16.05,1.83
250,aklavik,20.0,CA,1583267696.0,67.0,68.22,-135.01,-27.4,2.24
251,wlodawa,75.0,PL,1583267927.0,81.0,51.55,23.55,51.8,5.82
252,ilulissat,20.0,GL,1583267927.0,42.0,69.22,-51.1,-11.2,6.93
253,lagoa,100.0,PT,1583267928.0,87.0,39.05,-27.98,64.04,16.96
254,umm lajj,0.0,SA,1583267928.0,24.0,25.02,37.27,72.18,5.73
255,kiama,90.0,AU,1583267928.0,100.0,-34.68,150.87,66.0,8.05
256,kijang,75.0,KR,1583267928.0,81.0,35.24,129.21,42.8,2.24
257,kloulklubed,100.0,PW,1583267928.0,81.0,7.04,134.26,82.04,11.5
258,chokurdakh,0.0,RU,1583267928.0,75.0,70.63,147.92,-7.92,9.66
259,vila velha,20.0,BR,1583267929.0,83.0,-20.33,-40.29,82.4,9.17
260,yenagoa,50.0,NG,1583267929.0,80.0,4.92,6.26,81.52,4.45
261,aljezur,99.0,PT,1583267929.0,84.0,37.32,-8.8,62.01,8.88
262,kouroussa,0.0,GN,1583267929.0,15.0,10.65,-9.88,79.9,2.01
263,bambous virieux,40.0,MU,1583267929.0,94.0,-20.34,57.76,78.8,4.81
264,socorro,75.0,US,1583267929.0,87.0,31.65,-106.3,55.4,24.16
265,mangan,97.0,IN,1583267929.0,69.0,27.52,88.53,41.2,3.33
266,lakes entrance,100.0,AU,1583267930.0,94.0,-37.88,147.98,53.01,6.04
268,arona,20.0,ES,1583267930.0,77.0,28.1,-16.68,66.2,14.99
269,otradnoye,90.0,RU,1583267930.0,86.0,59.78,30.82,37.4,6.71
270,ginda,0.0,IN,1583267930.0,74.0,30.69,78.49,43.34,4.27
271,kelowna,1.0,CA,1583267842.0,34.0,49.88,-119.49,53.6,10.29
273,xingcheng,0.0,CN,1583267931.0,51.0,40.62,120.72,23.13,9.91
274,rawson,12.0,AR,1583267931.0,70.0,-43.3,-65.1,66.74,9.62
275,tateyama,75.0,JP,1583267931.0,76.0,34.98,139.87,51.01,11.41
276,cayenne,75.0,GF,1583267931.0,66.0,4.93,-52.33,84.2,12.75
277,chongwe,75.0,ZM,1583267931.0,88.0,-15.33,28.68,68.0,8.05
278,camacupa,100.0,AO,1583267932.0,83.0,-12.02,17.48,64.35,5.26
279,sorland,0.0,NO,1583267932.0,62.0,67.67,12.69,32.0,16.11
280,nome,75.0,US,1583267932.0,84.0,64.5,-165.41,1.99,11.41
281,marawi,98.0,PH,1583267932.0,88.0,8.0,124.29,72.0,5.99
282,bensonville,96.0,LR,1583267932.0,91.0,6.45,-10.61,78.69,2.8
283,charleston,75.0,US,1583267848.0,72.0,32.78,-79.93,75.0,9.17
284,saint-leu,96.0,RE,1583267933.0,88.0,-21.15,55.28,80.6,4.7
285,arinos,100.0,BR,1583267933.0,90.0,-15.92,-46.11,76.73,3.91
286,aksu,89.0,CN,1583267933.0,37.0,41.12,80.26,43.29,5.53
287,ollon,100.0,CH,1583267933.0,64.0,46.3,6.99,41.0,1.12
288,belaya gora,0.0,RU,1583267933.0,67.0,68.53,146.42,-3.1,6.11
289,comodoro rivadavia,55.0,AR,1583267933.0,77.0,-45.87,-67.5,66.2,5.82
290,tautira,75.0,PF,1583267934.0,62.0,-17.73,-149.15,86.0,13.87
291,kamenka,100.0,RU,1583267934.0,90.0,51.32,42.77,37.99,4.0
292,garmsar,0.0,IR,1583267934.0,53.0,35.22,52.34,47.5,5.97
294,aras,75.0,ES,1583267934.0,87.0,42.56,-2.36,48.2,6.93
295,luderitz,0.0,NA,1583267934.0,88.0,-26.65,15.16,68.0,8.05
296,gat,11.0,IL,1583267822.0,82.0,31.61,34.76,59.0,2.24
297,constitucion,30.0,CL,1583267935.0,66.0,-35.33,-72.42,64.94,11.07
298,kilrush,75.0,IE,1583267935.0,80.0,52.64,-9.48,41.0,6.93
299,kavaratti,0.0,IN,1583267935.0,73.0,10.57,72.64,82.22,9.78
300,alta floresta,20.0,BR,1583267935.0,55.0,-9.88,-56.09,89.6,8.05
302,kiboga,67.0,UG,1583267935.0,69.0,0.92,31.77,70.57,2.44
303,lianran,40.0,CN,1583267936.0,100.0,24.92,102.48,48.0,3.38
304,coari,100.0,BR,1583267936.0,93.0,-4.08,-63.14,83.35,1.05
305,zhigansk,100.0,RU,1583267936.0,91.0,66.77,123.37,-2.4,25.55
306,gazanjyk,100.0,TM,1583267936.0,85.0,39.24,55.52,44.35,3.89
307,atocha,54.0,BO,1583267936.0,60.0,-20.93,-66.23,50.77,4.81
308,autun,75.0,FR,1583267936.0,86.0,46.95,4.3,39.2,5.82
309,esperance,68.0,AU,1583267936.0,93.0,-33.87,121.9,55.4,11.41
310,awjilah,63.0,LY,1583267937.0,14.0,29.11,21.29,73.09,8.97
311,vardo,75.0,NO,1583267937.0,85.0,70.37,31.11,24.8,17.22
312,fort nelson,75.0,CA,1583267937.0,35.0,58.81,-122.7,41.0,3.36
313,lasa,90.0,IT,1583267937.0,68.0,46.62,10.7,48.2,8.05
314,padang,100.0,ID,1583267937.0,95.0,-0.95,100.35,68.61,3.8
315,aden,94.0,YE,1583267716.0,80.0,12.78,45.04,74.97,7.87
316,egvekinot,100.0,RU,1583267938.0,71.0,66.32,-179.17,3.61,2.75
317,oliveira,34.0,BR,1583267938.0,93.0,-20.7,-44.83,70.23,2.42
318,yakeshi,100.0,CN,1583267938.0,100.0,49.28,120.73,-4.11,3.87
320,ussel,100.0,FR,1583267938.0,97.0,45.55,2.32,34.95,4.74
321,zhezkazgan,8.0,KZ,1583267660.0,60.0,47.8,67.71,9.91,2.24
323,ilebo,69.0,CD,1583267939.0,94.0,-4.32,20.58,68.63,0.38
325,loa janan,99.0,ID,1583267939.0,99.0,-0.58,117.09,73.24,2.62
326,ushtobe,0.0,KZ,1583267939.0,76.0,45.25,77.98,30.11,3.85
327,chara,19.0,RU,1583267939.0,91.0,56.91,118.26,-12.32,0.2
328,tongliao,98.0,CN,1583267939.0,94.0,43.61,122.27,18.39,12.28
329,grand gaube,40.0,MU,1583267939.0,94.0,-20.01,57.66,78.8,4.5
330,villanueva,20.0,HN,1583267940.0,39.0,15.32,-88.0,95.0,5.82
331,ternate,62.0,ID,1583267940.0,95.0,0.8,127.4,74.01,2.71
332,tingo maria,40.0,PE,1583267940.0,59.0,-9.29,-76.01,89.6,8.05
334,srednekolymsk,0.0,RU,1583267940.0,77.0,67.45,153.68,-4.97,5.93
335,khatanga,83.0,RU,1583267940.0,96.0,71.97,102.5,1.18,7.11
336,asau,55.0,RO,1583267941.0,71.0,46.43,26.4,50.0,6.93
337,okha,95.0,RU,1583267941.0,98.0,53.57,142.95,0.68,2.51
338,the valley,20.0,AI,1583267941.0,57.0,18.22,-63.06,82.4,11.41
339,yatou,0.0,CN,1583267941.0,78.0,37.15,122.38,33.3,18.61
340,kieta,35.0,PG,1583267941.0,75.0,-6.22,155.63,82.92,3.78
342,camacha,20.0,PT,1583267942.0,72.0,33.08,-16.33,64.4,4.7
343,finnsnes,0.0,NO,1583267942.0,84.0,69.23,17.98,14.0,25.28
344,sfantu gheorghe,72.0,RO,1583267942.0,54.0,45.87,25.78,53.01,1.74
346,marsa matruh,100.0,EG,1583267942.0,82.0,31.35,27.25,57.2,8.05
347,sabang,87.0,ID,1583267943.0,70.0,5.89,95.32,81.48,1.97
349,dwarka,0.0,IN,1583267943.0,77.0,22.24,68.97,74.14,16.08
350,havelock,1.0,US,1583267943.0,64.0,34.88,-76.9,72.0,11.41
351,evensk,98.0,RU,1583267943.0,97.0,61.95,159.23,-6.74,0.72
352,katsina,18.0,NG,1583267943.0,13.0,12.99,7.6,84.16,7.38
353,chiang khong,12.0,TH,1583267943.0,99.0,20.26,100.4,66.0,2.26
354,bulolo,80.0,PG,1583267944.0,95.0,-7.2,146.65,67.12,2.35
355,ulagan,98.0,RU,1583267944.0,75.0,50.63,87.96,15.91,5.08
356,dauriya,0.0,RU,1583267944.0,100.0,49.93,116.87,-5.93,3.42
357,karabulak,91.0,RU,1583267944.0,86.0,43.3,44.9,37.4,4.47
358,deputatskiy,0.0,RU,1583267944.0,59.0,69.3,139.9,-6.18,3.24
359,mocuba,6.0,MZ,1583267944.0,96.0,-16.84,36.99,69.01,3.09
360,mbanza-ngungu,0.0,CD,1583267945.0,91.0,-5.25,14.87,68.54,0.29
361,kununurra,45.0,AU,1583267677.0,88.0,-15.77,128.73,75.2,4.7
362,calama,0.0,CL,1583267945.0,18.0,-22.47,-68.93,80.6,31.09
363,malanville,50.0,BJ,1583267945.0,17.0,11.87,3.39,84.63,6.35
364,sakakah,0.0,SA,1583267945.0,28.0,29.97,40.21,59.0,6.93
365,sobolevo,99.0,RU,1583267945.0,90.0,54.43,31.9,39.29,4.72
367,makakilo city,1.0,US,1583267701.0,69.0,21.35,-158.09,78.8,8.05
368,rio gallegos,100.0,AR,1583267946.0,51.0,-51.62,-69.22,59.0,13.87
369,bridgton,1.0,US,1583267946.0,41.0,44.05,-70.71,59.0,4.7
370,falam,0.0,MM,1583267946.0,80.0,22.92,93.68,49.23,0.45
371,denizli,59.0,TR,1583267946.0,44.0,37.84,29.07,57.2,11.41
372,hope,90.0,US,1583267946.0,63.0,33.67,-93.59,64.99,4.7
373,kalamata,97.0,GR,1583267947.0,81.0,37.04,22.11,59.0,2.24
374,port hardy,90.0,CA,1583267947.0,81.0,50.7,-127.42,44.6,18.34
375,charters towers,96.0,AU,1583267947.0,89.0,-20.1,146.27,74.79,6.91
376,shimoda,96.0,JP,1583267947.0,84.0,34.67,138.95,46.0,7.05
377,mikumi,100.0,TZ,1583267947.0,95.0,-7.4,36.98,70.34,1.72
378,jijiga,27.0,ET,1583267947.0,50.0,9.35,42.8,63.3,7.49
379,luancheng,100.0,CN,1583267948.0,42.0,37.88,114.65,30.2,2.24
380,surt,21.0,LY,1583267948.0,58.0,31.21,16.59,58.66,18.39
381,muriti,20.0,TZ,1583267948.0,83.0,-1.98,32.92,73.4,2.24
382,maniitsoq,87.0,GL,1583267948.0,78.0,65.42,-52.9,3.65,2.51
383,iqaluit,90.0,CA,1583267948.0,84.0,63.75,-68.51,5.0,4.7
384,puerto rico,42.0,AR,1583267948.0,32.0,-26.8,-55.02,87.4,3.85
385,klaksvik,37.0,FO,1583267948.0,86.0,62.23,-6.59,37.4,8.05
386,port hawkesbury,90.0,CA,1583267949.0,87.0,45.62,-61.35,44.6,8.05
387,matagami,90.0,CA,1583267949.0,63.0,49.75,-77.63,30.2,8.05
388,penzance,90.0,GB,1583267820.0,75.0,50.12,-5.54,46.99,6.93
389,puerto leguizamo,100.0,CO,1583267949.0,87.0,-0.19,-74.78,82.22,2.89
390,pedernales,75.0,DO,1583267949.0,74.0,18.04,-71.74,82.4,11.41
391,daru,100.0,PG,1583267949.0,96.0,-9.08,143.21,76.28,2.46
392,escarcega,0.0,MX,1583267950.0,29.0,18.61,-90.75,100.06,6.44
393,zykovo,75.0,RU,1583267950.0,79.0,55.95,93.15,24.8,2.24
394,ulladulla,90.0,AU,1583267950.0,100.0,-35.35,150.47,63.0,8.05
395,arkadak,99.0,RU,1583267950.0,93.0,51.93,43.5,33.78,5.28
396,yuli,54.0,NG,1583267950.0,15.0,9.7,10.27,85.33,5.1
397,dukat,100.0,RU,1583267950.0,71.0,62.55,155.55,-5.39,6.62
398,jasper,1.0,US,1583267951.0,26.0,37.2,-94.35,64.0,3.36
399,yarensk,65.0,RU,1583267951.0,94.0,62.17,49.09,13.6,4.47
400,biltine,0.0,TD,1583267951.0,19.0,14.53,20.92,77.41,6.02
401,walvis bay,2.0,NA,1583267951.0,87.0,-22.96,14.51,69.01,1.99
403,portland,75.0,US,1583267880.0,58.0,45.52,-122.68,60.01,8.05
404,anzhero-sudzhensk,100.0,RU,1583267952.0,92.0,56.08,86.03,14.0,6.71
405,byron bay,100.0,AU,1583267703.0,78.0,-28.65,153.62,78.8,10.29
406,henties bay,35.0,NA,1583267952.0,87.0,-22.12,14.28,69.01,1.99
407,rabo de peixe,75.0,PT,1583267952.0,93.0,37.8,-25.58,64.4,12.75
408,mar del plata,0.0,AR,1583267931.0,78.0,-38.0,-57.56,87.01,13.87
409,bereda,90.0,ES,1583267952.0,87.0,43.27,-7.54,59.0,5.82
410,saint-georges,75.0,GD,1583267952.0,74.0,12.06,-61.75,80.6,6.93
411,sakaiminato,90.0,JP,1583267953.0,93.0,35.55,133.23,42.8,3.36
412,cuamba,41.0,MZ,1583267953.0,88.0,-14.8,36.54,68.49,9.53
413,huarmey,36.0,PE,1583267953.0,56.0,-10.07,-78.15,80.67,8.93
414,nhulunbuy,40.0,AU,1583267953.0,94.0,-12.23,136.77,77.0,12.5
415,verkhniye tatyshly,100.0,RU,1583267953.0,92.0,56.29,55.86,26.83,12.28
416,escanaba,90.0,US,1583267953.0,80.0,45.75,-87.06,39.99,13.87
417,leningradskiy,100.0,RU,1583267953.0,75.0,69.38,178.42,11.23,25.66
418,zhengjiatun,100.0,CN,1583267954.0,88.0,43.51,123.51,21.24,14.9
419,ust-kuyga,0.0,RU,1583267954.0,76.0,70.02,135.6,-8.66,8.21
420,liepaja,100.0,LV,1583267954.0,100.0,56.54,21.04,42.8,12.75
421,zharkent,0.0,KZ,1583267954.0,76.0,44.16,80.0,41.29,13.89
422,mantua,75.0,IT,1583267954.0,87.0,45.17,10.78,46.0,5.82
423,heze,0.0,CN,1583267944.0,35.0,35.24,115.44,36.3,5.97
424,ketchikan,90.0,US,1583267955.0,93.0,55.34,-131.65,37.4,17.22
425,oranjestad,20.0,AW,1583267906.0,66.0,12.52,-70.03,84.2,23.04
426,parauna,26.0,BR,1583267955.0,82.0,-16.95,-50.45,77.58,2.8
427,camacari,20.0,BR,1583267869.0,84.0,-12.7,-38.32,86.0,10.29
428,turayf,0.0,SA,1583267955.0,81.0,31.67,38.66,50.0,6.93
429,rio grande,20.0,BR,1583267867.0,58.0,-32.03,-52.1,82.4,20.8
430,ust-tsilma,93.0,RU,1583267956.0,90.0,65.44,52.15,19.31,10.42
431,karratha,4.0,AU,1583267698.0,76.0,-20.74,116.85,85.51,5.1
432,jinchang,0.0,CN,1583267956.0,31.0,38.5,102.17,27.1,1.48
433,birao,0.0,CF,1583267956.0,14.0,10.28,22.79,79.48,6.31
434,bud,75.0,US,1583267956.0,50.0,39.45,-86.18,57.99,19.46
435,salalah,20.0,OM,1583267711.0,69.0,17.02,54.09,77.0,3.36
436,taylor,75.0,US,1583267956.0,39.0,32.3,-99.83,68.0,8.48
437,oeiras do para,100.0,BR,1583267957.0,97.0,-2.0,-49.85,75.0,2.06
439,freeport,75.0,US,1583267806.0,71.0,40.66,-73.58,54.0,12.75
440,talara,0.0,PE,1583267957.0,100.0,-4.58,-81.27,62.6,18.34
441,ostrovnoy,100.0,RU,1583267957.0,94.0,68.05,39.51,20.34,18.23
442,samarai,100.0,PG,1583267957.0,85.0,-10.62,150.67,78.76,2.39
443,ayorou,0.0,NE,1583267958.0,11.0,14.73,0.92,78.48,4.88
444,akropong,100.0,GH,1583267958.0,88.0,5.97,-0.09,78.8,9.17
445,ugoofaaru,0.0,MV,1583267958.0,73.0,5.67,73.0,82.04,7.02
446,hundested,100.0,DK,1583267745.0,93.0,55.97,11.87,41.0,1.12
447,harper,100.0,LR,1583267958.0,86.0,4.38,-7.72,79.97,3.58
448,plettenberg bay,0.0,ZA,1583267958.0,81.0,-34.05,23.37,70.03,1.92
449,bambanglipuro,37.0,ID,1583267958.0,88.0,-7.95,110.28,75.78,2.06
450,dunedin,0.0,NZ,1583267959.0,53.0,-45.87,170.5,53.01,17.0
451,rafraf,75.0,TN,1583267959.0,81.0,37.19,10.18,59.0,9.31
452,nabire,100.0,ID,1583267959.0,98.0,-3.37,135.48,73.02,0.92
453,nossa senhora da gloria,40.0,BR,1583267959.0,62.0,-10.22,-37.42,83.82,14.2
454,norman wells,75.0,CA,1583267959.0,62.0,65.28,-126.83,-14.8,8.05
455,karachi,20.0,PK,1583267702.0,68.0,24.91,67.08,71.6,8.05
456,tucurui,89.0,BR,1583267960.0,90.0,-3.77,-49.67,77.14,2.57
457,arman,100.0,RU,1583267960.0,95.0,59.7,150.17,10.72,7.43
459,aswan,0.0,EG,1583267960.0,9.0,24.09,32.91,75.2,8.05
460,ewa beach,20.0,US,1583267960.0,61.0,21.32,-158.01,78.8,5.82
461,omsukchan,100.0,RU,1583267960.0,80.0,62.53,155.8,-6.41,10.13
462,khandyga,96.0,RU,1583267961.0,99.0,62.67,135.6,-13.68,2.17
463,olafsvik,100.0,IS,1583267961.0,66.0,64.89,-23.71,31.24,9.84
464,pelym,100.0,RU,1583267961.0,87.0,61.01,62.0,29.5,6.8
465,saint george,1.0,US,1583267760.0,26.0,37.1,-113.58,66.0,5.82
466,xichang,100.0,CN,1583267961.0,93.0,27.9,102.26,30.2,5.84
467,ampanihy,97.0,MG,1583267961.0,80.0,-24.7,44.75,71.92,13.69
468,chikitigarh,3.0,IN,1583267962.0,64.0,19.2,84.62,70.68,5.75
469,hambantota,96.0,LK,1583267962.0,74.0,6.12,81.12,78.89,6.89
470,arrifes,75.0,PT,1583267962.0,93.0,37.77,-25.7,64.4,12.75
471,atar,0.0,MR,1583267962.0,6.0,20.52,-13.05,76.44,7.45
472,solnechnyy,67.0,RU,1583267962.0,92.0,50.72,136.63,7.92,1.99
473,port blair,32.0,IN,1583267962.0,72.0,11.67,92.75,79.74,7.7
474,mackenzie,90.0,CA,1583267962.0,96.0,55.3,-123.17,32.0,9.17
475,brae,18.0,GB,1583267963.0,86.0,60.4,-1.35,41.0,11.41
476,road town,20.0,VG,1583267963.0,65.0,18.42,-64.62,82.4,9.17
477,russkiy aktash,100.0,RU,1583267963.0,74.0,55.04,52.12,30.2,15.66
478,am timan,0.0,TD,1583267963.0,14.0,11.03,20.28,80.31,2.1
479,popondetta,57.0,PG,1583267963.0,87.0,-8.75,148.25,75.25,2.95
480,paamiut,0.0,GL,1583267963.0,59.0,61.99,-49.67,0.18,7.05
481,port lincoln,84.0,AU,1583267964.0,76.0,-34.73,135.87,61.54,10.31
482,kangaatsiaq,0.0,GL,1583267964.0,85.0,68.31,-53.46,-14.76,9.78
483,oranjemund,0.0,NA,1583267964.0,66.0,-28.55,16.43,70.52,3.74
484,chateaudun,1.0,FR,1583267964.0,91.0,48.08,1.33,39.99,5.82
485,flin flon,90.0,CA,1583267964.0,62.0,54.77,-101.86,23.0,3.36
486,ales,67.0,FR,1583267964.0,81.0,44.13,4.08,46.4,9.17
487,jumla,55.0,NP,1583267964.0,77.0,29.27,82.18,30.99,3.67
488,kilindoni,100.0,TZ,1583267965.0,84.0,-7.91,39.67,80.55,15.75
489,severo-kurilsk,100.0,RU,1583267965.0,89.0,50.68,156.12,24.31,11.16
490,izumo,90.0,JP,1583267965.0,93.0,35.37,132.77,42.8,3.36
491,tura,55.0,IN,1583267965.0,49.0,25.52,90.22,68.95,3.15
492,vestmannaeyjar,85.0,IS,1583267965.0,53.0,63.44,-20.27,36.66,16.24
493,okhotsk,96.0,RU,1583267966.0,94.0,59.38,143.3,5.05,3.49
494,mayo,90.0,US,1583267966.0,87.0,38.89,-76.51,66.0,8.05
495,kiruna,0.0,SE,1583267966.0,84.0,67.86,20.23,-2.2,3.36
496,ardakan,75.0,IR,1583267966.0,42.0,32.31,54.02,48.2,11.41
497,mrkonjic grad,64.0,BA,1583267966.0,70.0,44.42,17.09,46.4,1.12
498,santa cruz,20.0,BO,1583267966.0,38.0,-17.8,-63.17,93.2,3.36
499,labuhan,100.0,ID,1583267967.0,93.0,-6.88,112.21,76.42,2.8
500,visnes,75.0,NO,1583267967.0,86.0,59.36,5.22,41.0,6.93
501,palembang,90.0,ID,1583267952.0,97.0,-2.92,104.75,74.43,1.95
502,te anau,12.0,NZ,1583267967.0,56.0,-45.42,167.72,43.7,2.06
503,komsomolskiy,100.0,UZ,1583267967.0,87.0,40.43,71.72,50.0,4.94
504,faya,4.0,SA,1583267967.0,67.0,18.39,42.45,62.6,2.77
507,bermeo,75.0,ES,1583267968.0,87.0,43.42,-2.72,53.01,6.93
508,hattem,75.0,NL,1583267968.0,93.0,52.48,6.06,41.0,5.82
509,axim,100.0,GH,1583267968.0,88.0,4.87,-2.24,80.53,3.22
510,hobyo,70.0,SO,1583267968.0,72.0,5.35,48.53,76.41,11.1
511,agadir,0.0,MA,1583267707.0,63.0,30.42,-9.6,66.2,4.7
513,whyalla,90.0,AU,1583267969.0,63.0,-33.03,137.58,66.2,9.17
514,muyezerskiy,100.0,RU,1583267969.0,95.0,63.93,31.65,14.23,7.65
515,puri,40.0,IN,1583267969.0,100.0,19.8,85.85,73.4,6.62
517,boende,88.0,CD,1583267969.0,68.0,-0.22,20.87,77.86,2.01
518,salaga,95.0,GH,1583267970.0,55.0,8.55,-0.52,84.83,5.64
519,soe,20.0,ID,1583267970.0,82.0,-9.86,124.28,75.2,4.5
520,nouadhibou,0.0,MR,1583267970.0,77.0,20.93,-17.03,68.0,16.11
521,panaba,0.0,MX,1583267970.0,39.0,21.28,-88.27,93.83,12.1
522,bilibino,0.0,RU,1583267970.0,75.0,68.05,166.44,-10.52,2.21
523,chipinge,87.0,ZW,1583267970.0,93.0,-20.19,32.62,59.54,2.42
524,kushima,99.0,JP,1583267946.0,92.0,31.46,131.23,53.65,2.73
525,devils lake,90.0,US,1583267971.0,79.0,48.11,-98.87,32.0,10.29
526,kaeo,0.0,NZ,1583267971.0,100.0,-35.1,173.78,73.99,4.12
527,greenville,75.0,US,1583267971.0,77.0,35.61,-77.37,72.0,18.34
528,seguela,82.0,CI,1583267971.0,46.0,7.96,-6.67,85.6,6.64
529,vierzon,0.0,FR,1583267971.0,100.0,47.21,2.06,39.99,1.12
530,onega,2.0,RU,1583267972.0,89.0,63.91,38.14,18.95,6.04
531,mogadishu,43.0,SO,1583267940.0,82.0,2.04,45.34,80.44,17.65
532,celestun,0.0,MX,1583267972.0,74.0,20.87,-90.4,80.98,7.61
533,vestmanna,17.0,FO,1583267972.0,86.0,62.16,-7.17,37.4,8.05
534,pando,40.0,UY,1583267972.0,57.0,-34.72,-55.95,82.4,13.87
535,cambridge,90.0,CA,1583267774.0,100.0,43.36,-80.31,39.99,2.24
536,covasna,72.0,RO,1583267972.0,90.0,45.85,26.18,53.01,17.0
537,candido mendes,100.0,BR,1583267973.0,95.0,-1.45,-45.72,76.42,4.88
538,neckarsulm,100.0,DE,1583267973.0,80.0,49.19,9.23,39.99,5.82
540,nata,40.0,PA,1583267973.0,66.0,8.33,-80.52,86.0,10.29
542,veraval,0.0,IN,1583267973.0,90.0,20.9,70.37,65.61,8.41
544,kiunga,100.0,PG,1583267974.0,99.0,-6.12,141.29,74.55,2.19
545,trat,100.0,TH,1583267974.0,63.0,12.5,102.5,84.0,2.21
546,bondo,66.0,CD,1583267974.0,42.0,3.81,23.69,81.36,2.19
547,jizan,0.0,SA,1583267974.0,74.0,17.33,42.67,80.6,3.36
548,bacungan,17.0,PH,1583267974.0,74.0,9.91,118.7,79.0,8.01
549,bam,0.0,IR,1583267974.0,23.0,29.11,58.36,58.78,11.43
550,kondapalle,0.0,IN,1583267975.0,74.0,16.62,80.53,72.18,3.62
551,iskateley,0.0,RU,1583267975.0,82.0,67.68,53.15,11.82,16.53
552,huntsville,20.0,US,1583267928.0,60.0,34.73,-86.59,71.01,17.22
553,sicuani,75.0,PE,1583267975.0,50.0,-14.27,-71.23,51.6,6.11
554,sibolga,82.0,ID,1583267975.0,95.0,1.74,98.78,71.64,3.02
555,lang suan,100.0,TH,1583267976.0,92.0,9.95,99.08,73.38,1.81
556,wajir,94.0,KE,1583267976.0,62.0,1.75,40.06,84.31,20.42
557,petropavlovsk-kamchatskiy,15.0,RU,1583267976.0,77.0,53.05,158.65,6.8,8.95
559,aasiaat,0.0,GL,1583267976.0,77.0,68.71,-52.87,-19.82,5.7
560,opuwo,0.0,NA,1583267976.0,44.0,-18.06,13.84,68.38,5.17
561,allanridge,0.0,ZA,1583267976.0,89.0,-27.75,26.64,62.01,2.01
562,roma,90.0,US,1583267959.0,81.0,43.21,-75.46,51.01,6.93
563,gisborne,100.0,NZ,1583267911.0,87.0,-38.65,178.0,72.0,1.99
564,sabha,84.0,LY,1583267977.0,26.0,27.04,14.43,70.14,11.07
565,havoysund,90.0,NO,1583267977.0,92.0,71.0,24.66,30.2,8.05
566,ahuimanu,90.0,US,1583267977.0,78.0,21.44,-157.84,78.8,4.7
568,thabazimbi,3.0,ZA,1583267978.0,93.0,-24.59,27.41,61.0,4.41
569,bouar,100.0,CF,1583267978.0,44.0,5.93,15.6,77.81,1.86
570,fare,100.0,PF,1583267978.0,77.0,-16.7,-151.02,82.27,11.3
572,nador,100.0,MA,1583267699.0,63.0,35.17,-2.93,62.6,21.92
573,carutapera,100.0,BR,1583267978.0,86.0,-1.2,-46.02,79.81,18.34
574,nago,75.0,JP,1583267978.0,82.0,26.59,127.98,66.2,4.7
575,verkhnevilyuysk,81.0,RU,1583267979.0,94.0,63.45,120.32,-2.15,6.33
576,ancud,44.0,CL,1583267979.0,56.0,-41.87,-73.82,69.8,8.05
577,beyneu,97.0,KZ,1583267979.0,68.0,45.32,55.2,35.38,9.04
578,iguape,86.0,BR,1583267979.0,97.0,-24.71,-47.56,66.65,4.81
579,qaqortoq,5.0,GL,1583267979.0,42.0,60.72,-46.03,8.6,5.82
580,hualmay,27.0,PE,1583267979.0,60.0,-11.1,-77.61,79.7,11.05
581,progreso,5.0,MX,1583267980.0,33.0,21.28,-89.67,100.99,18.34
582,mtimbira,100.0,TZ,1583267980.0,95.0,-8.78,36.35,68.86,1.32
583,navrongo,30.0,GH,1583267980.0,12.0,10.9,-1.09,86.31,6.71
584,tilichiki,9.0,RU,1583267980.0,75.0,60.47,166.1,-7.33,5.79
585,kitimat,90.0,CA,1583267980.0,98.0,54.05,-128.65,33.8,5.82
586,eureka,1.0,US,1583267781.0,76.0,40.8,-124.16,62.01,6.93
587,mitu,36.0,CO,1583267894.0,88.0,1.2,-70.17,81.61,3.89
588,urambo,100.0,TZ,1583267981.0,91.0,-5.07,32.05,67.37,2.98
589,wahpeton,100.0,US,1583267981.0,74.0,46.27,-96.61,37.0,12.75
590,miraflores,5.0,MX,1583267981.0,16.0,19.22,-98.81,89.6,13.87
591,ahipara,33.0,NZ,1583267704.0,100.0,-35.17,173.17,73.0,5.91
592,alice springs,75.0,AU,1583267981.0,100.0,-23.7,133.88,64.4,6.93
593,afyonkarahisar,100.0,TR,1583267982.0,70.0,38.75,30.67,45.1,5.44
594,beloha,97.0,MG,1583267982.0,86.0,-25.17,45.05,70.75,12.06
595,thessalon,90.0,CA,1583267982.0,74.0,46.25,-83.57,37.4,5.82
596,half moon bay,1.0,US,1583267982.0,28.0,37.46,-122.43,77.0,11.41
597,muros,90.0,ES,1583267982.0,93.0,42.78,-9.06,59.0,9.17
